,coldid,prodid
0,1303,197
1,1861,195
2,328,195
3,799,136
4,1740,197
5,929,160
6,929,160
7,289,91
8,561,197
9,1823,136
10,289,160
11,535,147
12,561,147
13,929,91
14,1823,121
15,1800,91
16,328,147
17,1740,1
18,1800,1
19,328,136
20,774,197
21,15,178
22,328,178
23,1303,160
24,328,147
25,803,91
26,289,178
27,1823,169
28,289,195
29,328,195
30,1861,197
31,510,136
32,554,147
33,1800,195
34,328,169
35,1740,195
36,289,121
37,1800,121
38,510,197
39,1324,169
40,510,91
41,1740,91
42,803,178
43,1823,121
44,1303,178
45,1861,160
46,929,91
47,535,197
48,803,91
49,554,195
50,328,136
51,328,136
52,328,147
53,1303,121
54,1740,1
55,803,121
56,1861,147
57,510,178
58,554,197
59,1324,160
60,803,121
61,535,197
62,561,160
63,289,1
64,774,160
65,328,169
66,929,178
67,15,1
68,1823,197
69,774,121
70,799,136
71,1800,136
72,1303,147
73,328,169
74,803,121
75,1324,121
76,535,169
77,328,91
78,561,121
79,1324,91
80,774,1
81,554,91
82,554,178
83,929,1
84,561,178
85,328,169
86,510,121
87,929,178
88,510,136
89,554,147
90,1800,121
91,1303,178
92,535,169
93,929,91
94,1823,178
95,554,195
96,1800,91
97,561,160
98,1861,169
99,510,197
100,1324,91
101,1800,136
102,1740,1
103,554,136
104,15,169
105,328,91
106,803,147
107,289,136
108,1861,121
109,554,195
110,561,178
111,1800,195
112,561,197
113,929,147
114,535,121
115,774,136
116,328,178
117,328,1
118,15,197
119,535,169
120,535,121
121,774,121
122,561,147
123,554,136
124,1800,195
125,1800,1
126,561,178
127,15,160
128,803,160
129,535,147
130,774,178
131,328,1
132,1800,197
133,1800,169
134,554,1
135,561,160
136,328,197
137,929,197
138,289,121
139,510,1
140,799,121
141,1800,178
142,15,1
143,1823,91
144,1324,121
145,1740,169
146,803,1
147,774,121
148,289,169
149,289,1
150,328,1
151,15,169
152,510,160
153,929,160
154,1324,147
155,554,178
156,561,121
157,535,136
158,289,147
159,561,147
160,803,91
161,799,91
162,535,169
163,328,1
164,289,121
165,799,91
166,929,197
167,1324,147
168,15,197
169,799,197
170,1861,1
171,510,160
172,554,197
173,1324,178
174,803,136
175,1823,160
176,1303,1
177,1324,197
178,289,178
179,774,121
180,774,136
181,929,1
182,1861,91
183,799,1
184,929,195
185,289,169
186,535,91
187,554,91
188,1861,197
189,1740,121
190,1740,91
191,1303,195
192,1800,160
193,561,197
194,774,197
195,510,178
196,1823,147
197,554,121
198,929,91
199,554,91
200,1861,169
201,1324,178
202,929,178
203,289,197
204,1303,136
205,328,178
206,535,169
207,1861,178
208,1740,1
209,15,195
210,535,91
211,1740,197
212,929,136
213,803,91
214,561,169
215,1861,147
216,510,121
217,774,195
218,328,91
219,774,147
220,1800,169
221,328,136
222,328,136
223,554,178
224,774,169
225,929,178
226,1861,136
227,799,121
228,1324,136
229,15,195
230,289,160
231,1324,160
232,1861,197
233,803,169
234,774,136
235,799,147
236,803,91
237,535,147
238,1303,178
239,554,195
240,554,136
241,799,121
242,535,197
243,803,197
244,15,147
245,774,91
246,510,160
247,1303,121
248,799,169
249,803,147
250,1324,169
251,929,136
252,15,169
253,1861,178
254,289,136
255,803,147
256,554,147
257,1740,136
258,774,147
259,803,147
260,803,147
261,510,1
262,328,136
263,535,178
264,15,169
265,554,91
266,799,1
267,799,136
268,328,147
269,1303,1
270,1740,195
271,561,178
272,535,178
273,535,197
274,328,160
275,289,1
276,799,160
277,289,91
278,554,136
279,1303,197
280,535,195
281,1303,121
282,803,197
283,1303,169
284,1823,91
285,774,160
286,535,197
287,1823,147
288,1303,169
289,510,197
290,774,178
291,1861,136
292,929,178
293,1823,160
294,561,91
295,803,1
296,1823,160
297,561,160
298,561,197
299,535,136
300,328,169
301,1303,147
302,803,160
303,15,91
304,929,147
305,510,169
306,799,136
307,554,1
308,799,169
309,554,147
310,328,169
311,561,197
312,561,197
313,535,178
314,1861,178
315,774,197
316,561,136
317,799,178
318,774,1
319,15,197
320,803,197
321,1740,121
322,1740,197
323,799,121
324,554,91
325,1740,91
326,1740,160
327,561,121
328,15,1
329,554,178
330,15,169
331,554,136
332,535,136
333,1303,136
334,561,178
335,289,147
336,535,169
337,15,195
338,535,169
339,554,1
340,561,1
341,328,160
342,1303,147
343,1861,91
344,554,1
345,929,121
346,1800,195
347,328,197
348,1861,1
349,1823,91
350,1324,178
351,289,91
352,774,195
353,803,195
354,929,197
355,1800,136
356,1303,160
357,1303,91
358,1740,121
359,1740,169
360,929,197
361,774,91
362,1303,160
363,535,169
364,328,197
365,1303,178
366,774,136
367,15,147
368,1800,195
369,15,147
370,328,1
371,15,169
372,289,197
373,929,160
374,1303,160
375,535,197
376,1823,197
377,554,160
378,1740,178
379,929,169
380,1303,121
381,774,121
382,1823,178
383,1740,197
384,1861,91
385,799,91
386,328,178
387,561,178
388,1303,178
389,799,195
390,1861,121
391,554,197
392,803,197
393,328,1
394,803,160
395,561,178
396,289,178
397,929,1
398,1823,136
399,1303,169
400,1800,195
401,1324,178
402,799,1
403,1823,160
404,15,121
405,803,160
406,554,178
407,1861,91
408,561,136
409,799,147
410,929,197
411,774,1
412,535,195
413,1800,1
414,1740,169
415,554,195
416,328,178
417,1861,169
418,535,169
419,1740,178
420,799,178
421,799,147
422,1800,1
423,15,1
424,554,136
425,1800,147
426,1823,178
427,561,160
428,535,197
429,1800,91
430,803,160
431,1800,121
432,803,147
433,1823,136
434,929,121
435,554,121
436,1823,160
437,328,136
438,289,178
439,1324,147
440,554,121
441,1861,195
442,289,169
443,1861,121
444,803,197
445,1823,91
446,1861,121
447,554,160
448,1823,1
449,561,136
450,1324,121
451,1303,169
452,510,121
453,1800,136
454,328,195
455,1823,197
456,803,136
457,15,121
458,1740,197
459,561,197
460,328,121
461,561,169
462,510,169
463,328,195
464,1303,121
465,289,1
466,1800,136
467,289,160
468,1800,147
469,554,136
470,1800,197
471,774,136
472,289,178
473,803,136
474,1823,178
475,1861,1
476,328,1
477,1303,147
478,1324,178
479,1324,197
480,803,169
481,803,178
482,328,197
483,15,169
484,15,1
485,15,195
486,1303,160
487,561,91
488,799,136
489,803,136
490,1800,160
491,289,91
492,289,178
493,554,91
494,1823,197
495,1740,178
496,15,160
497,799,1
498,15,136
499,1303,197
500,561,197
501,1740,136
502,929,121
503,1861,136
504,1800,178
505,1823,195
506,561,195
507,1800,1
508,535,178
509,328,160
510,774,197
511,929,160
512,554,121
513,328,178
514,1303,121
515,510,136
516,1324,136
517,554,1
518,510,147
519,929,136
520,328,91
521,1823,136
522,1740,91
523,510,178
524,510,1
525,510,121
526,1861,195
527,1823,169
528,1861,91
529,1324,197
530,929,121
531,510,197
532,799,91
533,15,147
534,561,1
535,554,136
536,289,147
537,510,1
538,1740,169
539,1324,178
540,328,197
541,554,136
542,929,147
543,1823,121
544,929,197
545,803,178
546,929,147
547,1303,1
548,1800,91
549,510,160
550,535,160
551,1861,136
552,554,169
553,554,195
554,799,178
555,561,1
556,799,197
557,1740,91
558,289,169
559,328,121
560,1823,136
561,328,160
562,554,147
563,1740,121
564,1303,1
565,1740,1
566,803,147
567,774,1
568,561,160
569,15,195
570,561,121
571,1740,195
572,1303,91
573,328,178
574,510,178
575,561,136
576,929,91
577,289,1
578,929,136
579,1740,197
580,1861,197
581,15,121
582,1800,1
583,554,169
584,1740,197
585,803,136
586,554,147
587,799,169
588,289,197
589,554,1
590,510,136
591,289,136
592,535,147
593,929,147
594,554,147
595,1740,195
596,803,121
597,15,160
598,803,169
599,328,178
600,535,136
601,289,195
602,328,195
603,510,169
604,289,121
605,535,121
606,535,195
607,1800,195
608,929,160
609,1861,195
610,1303,136
611,1303,169
612,803,195
613,328,121
614,554,147
615,799,160
616,510,91
617,328,169
618,929,147
619,1303,136
620,328,197
621,1800,91
622,554,91
623,929,195
624,561,91
625,929,178
626,1324,178
627,554,1
628,1303,147
629,289,147
630,289,178
631,510,1
632,1800,136
633,929,197
634,1740,169
635,535,91
636,799,178
637,1800,147
638,328,121
639,1324,136
640,328,1
641,1823,195
642,803,136
643,1861,160
644,1324,147
645,1823,169
646,1324,197
647,561,1
648,774,136
649,328,121
650,1324,197
651,803,197
652,510,147
653,1861,197
654,289,178
655,803,147
656,289,121
657,774,160
658,535,195
659,774,197
660,1800,197
661,929,121
662,554,169
663,929,121
664,510,197
665,803,91
666,1861,178
667,535,169
668,1324,147
669,554,178
670,328,160
671,289,147
672,289,160
673,15,121
674,799,169
675,328,178
676,535,169
677,1324,169
678,1324,160
679,929,160
680,535,91
681,554,178
682,510,91
683,774,147
684,1861,197
685,510,160
686,561,160
687,1823,160
688,1324,121
689,1303,178
690,328,169
691,561,147
692,554,147
693,1823,121
694,561,91
695,535,160
696,561,136
697,15,91
698,15,197
699,1823,121
700,561,160
701,1823,136
702,1324,136
703,561,195
704,535,195
705,554,91
706,803,195
707,1740,169
708,1324,91
709,289,91
710,1324,169
711,561,91
712,328,136
713,1303,169
714,289,169
715,799,169
716,774,147
717,803,91
718,554,121
719,510,178
720,328,195
721,774,121
722,535,147
723,1800,136
724,328,147
725,535,169
726,799,169
727,289,195
728,1303,91
729,328,169
730,799,195
731,1861,178
732,774,136
733,1823,178
734,929,121
735,15,121
736,510,178
737,554,160
738,1800,147
739,1324,91
740,929,147
741,328,136
742,554,195
743,774,136
744,1800,178
745,535,147
746,803,91
747,1823,160
748,803,197
749,328,178
750,510,136
751,510,197
752,1800,195
753,561,195
754,803,136
755,561,91
756,1303,147
757,1823,91
758,1800,147
759,803,195
760,929,121
761,1303,178
762,929,147
763,1800,1
764,535,1
765,328,121
766,1740,91
767,554,136
768,799,178
769,929,178
770,799,136
771,289,169
772,1861,195
773,1800,197
774,535,1
775,1823,197
776,561,169
777,1303,91
778,328,1
779,510,91
780,510,169
781,1303,169
782,328,121
783,1324,169
784,1740,178
785,554,178
786,561,136
787,328,147
788,15,91
789,328,178
790,510,121
791,328,121
792,328,91
793,15,136
794,554,147
795,774,195
796,1823,121
797,510,91
798,535,169
799,929,160
800,328,136
801,929,136
802,803,169
803,510,169
804,289,178
805,535,169
806,1303,136
807,1324,195
808,1823,195
809,289,91
810,1740,147
811,803,160
812,774,160
813,289,121
814,1823,136
815,1324,195
816,1861,121
817,774,136
818,289,91
819,1740,195
820,803,197
821,1800,197
822,803,91
823,554,178
824,328,1
825,328,136
826,803,169
827,561,136
828,535,160
829,803,197
830,1800,91
831,1861,160
832,15,169
833,1324,91
834,1823,121
835,1823,178
836,1861,1
837,554,197
838,929,1
839,929,147
840,1800,160
841,554,121
842,535,178
843,1740,91
844,1823,197
845,535,121
846,1800,1
847,1823,1
848,803,197
849,289,178
850,561,121
851,510,121
852,535,197
853,929,91
854,929,1
855,1861,178
856,535,195
857,1823,160
858,1740,160
859,510,178
860,929,147
861,1823,195
862,15,169
863,554,169
864,1324,136
865,15,197
866,803,178
867,929,1
868,1324,160
869,1740,147
870,535,195
871,803,121
872,1324,136
873,289,160
874,554,195
875,799,147
876,1740,169
877,328,178
878,1823,169
879,15,160
880,799,147
881,1823,91
882,1740,1
883,1861,169
884,803,169
885,328,169
886,1324,178
887,1861,136
888,799,160
889,15,91
890,799,1
891,554,1
892,510,178
893,328,195
894,554,91
895,799,91
896,535,136
897,1324,160
898,1823,169
899,289,160
900,1324,91
901,554,147
902,929,160
903,1740,160
904,1303,197
905,1324,147
906,1800,136
907,510,160
908,774,195
909,1823,121
910,1823,169
911,561,169
912,929,169
913,1324,197
914,535,91
915,561,195
916,535,1
917,1324,195
918,535,91
919,535,178
920,774,147
921,803,195
922,1823,147
923,1861,147
924,929,160
925,1800,91
926,15,195
927,1823,1
928,929,121
929,289,178
930,1861,1
931,1303,91
932,774,169
933,15,169
934,929,147
935,1861,91
936,510,1
937,510,147
938,1861,160
939,803,195
940,561,169
941,1303,1
942,774,197
943,15,136
944,554,160
945,510,160
946,510,178
947,1800,91
948,554,178
949,774,1
950,1823,136
951,328,178
952,1823,136
953,1800,178
954,1800,91
955,554,197
956,535,169
957,1800,178
958,774,121
959,1823,136
960,803,160
961,1740,121
962,1324,121
963,1823,195
964,1800,91
965,1324,178
966,1740,197
967,1324,197
968,1823,91
969,554,178
970,774,147
971,774,178
972,328,91
973,803,160
974,554,178
975,774,136
976,803,195
977,561,197
978,1324,195
979,1861,169
980,799,1
981,799,160
982,328,197
983,561,195
984,554,197
985,328,195
986,535,147
987,328,91
988,1800,1
989,1861,91
990,328,1
991,1740,178
992,799,121
993,774,195
994,774,136
995,1303,195
996,289,121
997,535,136
998,799,136
999,554,178
1000,510,1
1001,1324,147
1002,289,178
1003,929,136
1004,1740,169
1005,1303,195
1006,554,169
1007,561,160
1008,535,197
1009,1324,1
1010,1861,160
1011,1861,160
1012,289,91
1013,289,147
1014,328,136
1015,554,1
1016,1324,197
1017,289,1
1018,1800,1
1019,1303,121
1020,535,91
1021,289,178
1022,1303,160
1023,535,178
1024,929,136
1025,554,160
1026,1800,160
1027,1303,121
1028,1823,147
1029,328,197
1030,1740,197
1031,1740,169
1032,1324,91
1033,1303,178
1034,774,197
1035,1800,169
1036,328,147
1037,15,195
1038,774,136
1039,1324,160
1040,328,1
1041,561,147
1042,1861,197
1043,1823,195
1044,1861,195
1045,1303,1
1046,803,169
1047,1800,91
1048,561,178
1049,1800,1
1050,774,91
1051,1303,121
1052,15,195
1053,799,121
1054,799,169
1055,803,160
1056,803,147
1057,1740,169
1058,1740,197
1059,774,160
1060,289,195
1061,1303,147
1062,774,121
1063,1861,91
1064,799,197
1065,535,197
1066,1861,1
1067,1740,160
1068,803,147
1069,554,160
1070,328,121
1071,1740,178
1072,535,121
1073,535,169
1074,803,136
1075,1324,147
1076,1303,91
1077,1324,121
1078,1800,169
1079,554,195
1080,1303,1
1081,1303,91
1082,1800,147
1083,289,1
1084,803,136
1085,15,178
1086,1303,121
1087,774,178
1088,15,136
1089,1800,169
1090,1800,1
1091,929,160
1092,1861,91
1093,929,197
1094,561,160
1095,15,147
1096,1861,197
1097,535,160
1098,1303,197
1099,1324,1
1100,289,160
1101,1303,147
1102,1800,136
1103,535,197
1104,1303,197
1105,510,178
1106,535,197
1107,803,121
1108,1740,121
1109,803,197
1110,554,195
1111,554,169
1112,15,178
1113,1740,136
1114,1324,195
1115,289,169
1116,799,136
1117,1324,195
1118,1861,91
1119,1324,195
1120,15,195
1121,510,178
1122,535,1
1123,1861,121
1124,1303,169
1125,1324,136
1126,1823,178
1127,289,169
1128,803,121
1129,799,136
1130,1861,160
1131,328,147
1132,561,121
1133,328,169
1134,1823,195
1135,510,91
1136,1861,147
1137,1740,169
1138,561,91
1139,328,136
1140,510,121
1141,1324,121
1142,1740,1
1143,535,160
1144,1324,169
1145,328,1
1146,1303,178
1147,1303,195
1148,554,136
1149,774,197
1150,328,195
1151,289,136
1152,510,197
1153,554,136
1154,535,169
1155,535,1
1156,1800,178
1157,510,121
1158,328,1
1159,328,197
1160,1861,1
1161,799,91
1162,1740,197
1163,1800,136
1164,328,178
1165,510,195
1166,1861,197
1167,1303,91
1168,535,91
1169,1823,121
1170,1800,197
1171,561,197
1172,510,160
1173,1324,147
1174,774,195
1175,561,160
1176,1740,197
1177,561,91
1178,289,136
1179,1303,178
1180,1861,160
1181,535,178
1182,510,121
1183,929,169
1184,1740,160
1185,774,169
1186,535,178
1187,1823,197
1188,803,195
1189,554,195
1190,289,136
1191,929,147
1192,1303,91
1193,1324,147
1194,1740,1
1195,1861,1
1196,929,178
1197,1740,1
1198,1823,169
1199,554,147
1200,1823,1
1201,561,1
1202,774,178
1203,15,195
1204,929,1
1205,929,197
1206,803,1
1207,535,160
1208,328,197
1209,554,121
1210,1861,160
1211,510,178
1212,1861,1
1213,929,147
1214,554,136
1215,1823,91
1216,1303,91
1217,1823,195
1218,803,178
1219,1303,147
1220,1740,147
1221,561,136
1222,535,195
1223,1740,195
1224,561,169
1225,1800,169
1226,1823,91
1227,1861,136
1228,554,91
1229,803,1
1230,535,178
1231,1800,1
1232,1303,121
1233,535,121
1234,774,1
1235,510,136
1236,510,121
1237,1303,178
1238,1823,160
1239,535,169
1240,561,1
1241,774,169
1242,774,147
1243,774,121
1244,929,147
1245,15,91
1246,15,147
1247,15,1
1248,803,195
1249,1324,160
1250,289,195
1251,774,91
1252,289,197
1253,1823,169
1254,1861,136
1255,554,169
1256,1740,91
1257,1740,197
1258,929,147
1259,328,169
1260,1303,1
1261,15,147
1262,1303,121
1263,289,160
1264,554,147
1265,1324,91
1266,554,1
1267,510,91
1268,510,147
1269,929,160
1270,554,1
1271,328,178
1272,1800,169
1273,1303,160
1274,561,178
1275,289,1
1276,774,136
1277,1303,1
1278,1303,136
1279,1861,197
1280,289,136
1281,799,197
1282,289,136
1283,929,160
1284,799,121
1285,929,160
1286,803,121
1287,510,169
1288,1861,169
1289,1861,1
1290,1303,160
1291,774,1
1292,799,160
1293,1861,147
1294,1800,121
1295,803,160
1296,799,147
1297,554,121
1298,510,136
1299,328,1
1300,1740,195
1301,1823,121
1302,289,169
1303,799,160
1304,1303,1
1305,1324,160
1306,774,121
1307,929,147
1308,561,1
1309,510,1
1310,510,195
1311,510,1
1312,1740,1
1313,1861,160
1314,929,136
1315,535,169
1316,799,91
1317,1800,136
1318,1303,91
1319,561,178
1320,510,1
1321,1324,121
1322,929,197
1323,1740,197
1324,1861,1
1325,1303,197
1326,1861,121
1327,561,178
1328,561,121
1329,803,121
1330,328,178
1331,1800,195
1332,328,121
1333,554,197
1334,1800,169
1335,1324,1
1336,561,178
1337,799,169
1338,774,1
1339,1303,178
1340,15,178
1341,1740,195
1342,1823,136
1343,1861,121
1344,1823,147
1345,328,195
1346,1861,197
1347,1823,121
1348,561,121
1349,1861,147
1350,535,195
1351,554,195
1352,510,195
1353,289,1
1354,510,1
1355,561,197
1356,561,160
1357,328,169
1358,535,160
1359,1800,160
1360,929,169
1361,1740,136
1362,1303,178
1363,1740,121
1364,328,136
1365,803,195
1366,510,91
1367,1324,169
1368,799,136
1369,510,160
1370,1303,91
1371,1861,178
1372,1800,147
1373,774,121
1374,554,136
1375,799,195
1376,1861,169
1377,535,169
1378,774,147
1379,1823,121
1380,1800,136
1381,803,197
1382,554,147
1383,929,160
1384,1800,195
1385,1861,197
1386,535,160
1387,803,91
1388,289,195
1389,1861,1
1390,929,147
1391,561,195
1392,929,160
1393,1303,178
1394,1861,147
1395,554,1
1396,1861,169
1397,15,160
1398,803,195
1399,1303,197
1400,15,136
1401,561,169
1402,799,121
1403,799,91
1404,561,195
1405,803,147
1406,799,121
1407,289,195
1408,803,197
1409,929,91
1410,535,147
1411,803,178
1412,289,121
1413,1324,195
1414,289,121
1415,929,147
1416,1823,178
1417,1800,147
1418,1800,147
1419,1823,121
1420,1800,178
1421,554,195
1422,328,178
1423,1740,195
1424,1740,160
1425,1861,178
1426,1324,91
1427,1324,169
1428,535,91
1429,535,121
1430,803,197
1431,1861,197
1432,1324,91
1433,1303,91
1434,15,1
1435,929,195
1436,1740,160
1437,289,136
1438,535,178
1439,561,160
1440,1823,1
1441,1324,1
1442,561,197
1443,328,136
1444,561,169
1445,1740,178
1446,1740,121
1447,535,147
1448,561,195
1449,774,91
1450,561,147
1451,1303,91
1452,510,121
1453,535,147
1454,1800,147
1455,561,121
1456,289,169
1457,799,1
1458,328,160
1459,1861,160
1460,799,197
1461,510,91
1462,803,160
1463,929,195
1464,15,91
1465,15,197
1466,561,121
1467,1823,121
1468,535,160
1469,803,169
1470,1324,197
1471,1823,121
1472,1303,136
1473,1823,160
1474,510,147
1475,1861,178
1476,799,121
1477,1303,160
1478,1823,197
1479,1823,160
1480,1861,178
1481,289,147
1482,1823,178
1483,1740,160
1484,1800,169
1485,1740,136
1486,554,1
1487,929,121
1488,289,160
1489,510,1
1490,15,1
1491,15,160
1492,1800,147
1493,554,195
1494,554,195
1495,15,1
1496,1324,91
1497,1303,121
1498,1823,178
1499,1861,1
1500,15,195
1501,289,169
1502,929,169
1503,1740,91
1504,774,91
1505,799,195
1506,1823,197
1507,15,147
1508,15,1
1509,929,178
1510,1740,121
1511,510,197
1512,15,169
1513,1800,147
1514,799,91
1515,289,195
1516,535,195
1517,15,195
1518,929,160
1519,535,136
1520,1800,136
1521,510,91
1522,803,169
1523,799,121
1524,289,178
1525,1740,197
1526,1861,178
1527,803,91
1528,774,121
1529,1823,136
1530,554,1
1531,1861,136
1532,328,136
1533,774,121
1534,774,91
1535,510,160
1536,1303,121
1537,15,147
1538,510,136
1539,929,195
1540,328,178
1541,1303,160
1542,535,195
1543,1324,195
1544,1861,1
1545,1800,197
1546,1800,1
1547,1861,136
1548,1324,169
1549,1740,197
1550,289,147
1551,1823,136
1552,929,178
1553,328,136
1554,561,91
1555,15,121
1556,289,147
1557,328,178
1558,510,147
1559,554,147
1560,799,121
1561,15,136
1562,15,160
1563,535,91
1564,1800,1
1565,535,121
1566,1324,136
1567,1303,195
1568,774,160
1569,799,1
1570,1800,91
1571,1861,91
1572,15,169
1573,929,197
1574,1861,1
1575,554,178
1576,15,197
1577,929,178
1578,1324,197
1579,328,136
1580,1861,178
1581,535,160
1582,1800,160
1583,774,197
1584,799,178
1585,799,169
1586,554,136
1587,289,195
1588,1800,169
1589,799,169
1590,15,147
1591,799,178
1592,799,197
1593,554,91
1594,1303,147
1595,510,1
1596,561,91
1597,803,197
1598,1324,197
1599,774,121
1600,1800,121
1601,554,178
1602,799,91
1603,799,160
1604,799,1
1605,554,121
1606,1324,160
1607,1740,169
1608,1823,91
1609,561,1
1610,1823,169
1611,1861,169
1612,554,136
1613,15,147
1614,535,91
1615,1823,147
1616,1823,91
1617,1861,91
1618,1861,1
1619,15,121
1620,799,121
1621,1861,147
1622,1823,197
1623,799,160
1624,328,91
1625,1861,160
1626,1861,160
1627,1324,147
1628,799,91
1629,15,91
1630,1740,195
1631,1823,136
1632,535,197
1633,535,197
1634,535,197
1635,1740,178
1636,1823,178
1637,510,195
1638,1324,91
1639,561,91
1640,15,197
1641,510,160
1642,535,136
1643,1823,169
1644,1800,147
1645,1303,197
1646,929,121
1647,803,1
1648,1324,197
1649,510,195
1650,1324,178
1651,803,160
1652,803,1
1653,1324,147
1654,554,195
1655,289,136
1656,929,147
1657,561,197
1658,1861,169
1659,328,197
1660,535,121
1661,1324,136
1662,1823,91
1663,1303,160
1664,1303,147
1665,1324,195
1666,1800,147
1667,1740,91
1668,328,91
1669,561,197
1670,1800,195
1671,774,178
1672,1303,1
1673,510,160
1674,1303,178
1675,1800,197
1676,1800,1
1677,774,195
1678,929,91
1679,799,91
1680,1324,1
1681,799,121
1682,554,197
1683,289,160
1684,929,136
1685,1861,91
1686,554,197
1687,1740,136
1688,535,197
1689,15,169
1690,1861,197
1691,1800,178
1692,1324,91
1693,289,169
1694,1823,160
1695,1303,169
1696,803,178
1697,1324,121
1698,328,195
1699,1861,178
1700,799,169
1701,1303,1
1702,774,160
1703,561,147
1704,510,136
1705,535,121
1706,1800,160
1707,1740,178
1708,929,160
1709,1303,178
1710,1861,197
1711,1303,178
1712,561,197
1713,510,160
1714,1324,169
1715,510,121
1716,774,91
1717,929,197
1718,799,1
1719,289,195
1720,535,121
1721,799,1
1722,1303,169
1723,799,197
1724,1823,169
1725,561,1
1726,15,91
1727,510,136
1728,289,1
1729,1861,121
1730,929,147
1731,554,121
1732,1861,147
1733,328,121
1734,289,136
1735,289,169
1736,1800,1
1737,1303,1
1738,1324,160
1739,774,195
1740,289,195
1741,1800,1
1742,328,195
1743,1324,169
1744,1324,147
1745,1823,91
1746,803,178
1747,929,1
1748,929,197
1749,1324,121
1750,554,136
1751,774,121
1752,803,169
1753,1861,178
1754,1823,147
1755,1740,195
1756,799,160
1757,1303,1
1758,1740,1
1759,1324,195
1760,554,160
1761,328,147
1762,328,121
1763,1823,1
1764,510,160
1765,1800,178
1766,289,1
1767,1303,121
1768,510,91
1769,328,91
1770,799,178
1771,15,178
1772,1823,136
1773,328,121
1774,1823,136
1775,929,195
1776,803,197
1777,1823,1
1778,774,195
1779,554,197
1780,1740,195
1781,1303,195
1782,799,169
1783,799,195
1784,1823,169
1785,1861,178
1786,1740,1
1787,1740,1
1788,1823,195
1789,1324,136
1790,554,121
1791,803,91
1792,554,91
1793,328,1
1794,15,1
1795,1740,147
1796,1823,121
1797,510,147
1798,774,169
1799,1303,178
1800,1740,197
1801,535,91
1802,554,169
1803,328,178
1804,799,195
1805,1324,1
1806,1800,160
1807,289,1
1808,328,178
1809,328,178
1810,561,195
1811,929,91
1812,561,147
1813,510,169
1814,1740,91
1815,1800,91
1816,561,169
1817,15,195
1818,1800,195
1819,554,136
1820,929,169
1821,1303,147
1822,328,195
1823,1861,169
1824,289,197
1825,1823,195
1826,535,195
1827,15,169
1828,1303,197
1829,1324,121
1830,1324,136
1831,1303,147
1832,510,169
1833,1324,121
1834,510,160
1835,774,169
1836,561,91
1837,289,197
1838,561,160
1839,554,160
1840,15,121
1841,799,91
1842,289,91
1843,510,91
1844,774,91
1845,561,136
1846,15,178
1847,1740,121
1848,1303,1
1849,1861,178
1850,1823,160
1851,561,121
1852,1740,169
1853,929,160
1854,561,1
1855,799,91
1856,1861,91
1857,289,147
1858,328,160
1859,535,169
1860,803,160
1861,289,169
1862,929,1
1863,561,91
1864,1823,1
1865,1823,178
1866,1303,197
1867,1740,136
1868,15,160
1869,1800,197
1870,561,121
1871,774,160
1872,1861,147
1873,15,91
1874,1303,147
1875,1823,1
1876,1861,91
1877,1823,91
1878,15,136
1879,1303,169
1880,1303,178
1881,289,195
1882,289,1
1883,328,147
1884,774,1
1885,929,147
1886,799,1
1887,1823,1
1888,510,160
1889,15,121
1890,328,136
1891,554,147
1892,1823,1
1893,15,195
1894,328,197
1895,510,136
1896,535,1
1897,1303,169
1898,510,169
1899,535,121
1900,1303,178
1901,554,136
1902,535,136
1903,554,160
1904,535,197
1905,535,197
1906,535,195
1907,1740,136
1908,1740,197
1909,1823,121
1910,1823,1
1911,803,169
1912,1740,178
1913,1740,147
1914,328,91
1915,803,169
1916,1740,136
1917,803,121
1918,328,197
1919,929,195
1920,1324,136
1921,15,195
1922,289,147
1923,554,178
1924,1740,178
1925,803,121
1926,803,91
1927,535,197
1928,1324,121
1929,510,1
1930,289,195
1931,1861,178
1932,554,1
1933,554,160
1934,554,91
1935,510,91
1936,929,169
1937,1740,169
1938,1823,147
1939,929,178
1940,328,169
1941,1861,178
1942,803,1
1943,1303,147
1944,554,195
1945,929,1
1946,328,197
1947,803,91
1948,561,195
1949,561,160
1950,1740,91
1951,1303,197
1952,774,160
1953,561,178
1954,929,147
1955,803,169
1956,561,1
1957,1740,197
1958,1740,169
1959,554,197
1960,328,136
1961,1861,160
1962,929,169
1963,803,91
1964,1800,178
1965,1324,121
1966,1303,147
1967,1324,121
1968,1800,169
1969,554,195
1970,1861,160
1971,1740,147
1972,1740,1
1973,1740,160
1974,535,121
1975,803,1
1976,1324,195
1977,799,178
1978,328,121
1979,803,1
1980,561,169
1981,328,147
1982,561,147
1983,554,91
1984,1324,147
1985,1800,147
1986,535,160
1987,15,121
1988,1823,91
1989,1740,91
1990,799,169
1991,803,136
1992,803,121
1993,535,178
1994,1303,91
1995,289,197
1996,1861,121
1997,799,91
1998,535,169
1999,15,195
2000,1324,147
2001,803,1
2002,1800,147
2003,1324,195
2004,1800,197
2005,1303,197
2006,1800,197
2007,328,169
2008,15,91
2009,929,197
2010,1861,136
2011,803,160
2012,561,121
2013,328,91
2014,1800,195
2015,561,1
2016,561,121
2017,799,178
2018,1861,136
2019,1303,147
2020,774,197
2021,1861,197
2022,15,195
2023,510,169
2024,1861,160
2025,535,169
2026,1303,136
2027,289,147
2028,929,1
2029,289,121
2030,1800,169
2031,554,91
2032,803,1
2033,535,160
2034,1800,121
2035,929,160
2036,799,169
2037,1861,91
2038,803,169
2039,803,136
2040,803,121
2041,929,121
2042,1823,195
2043,289,1
2044,774,121
2045,799,160
2046,774,121
2047,561,197
2048,1861,169
2049,1303,136
2050,1324,1
2051,803,169
2052,1303,147
2053,1324,121
2054,15,1
2055,1800,91
2056,1303,197
2057,1303,195
2058,799,1
2059,774,91
2060,929,91
2061,1823,1
2062,799,1
2063,1324,195
2064,1823,197
2065,774,1
2066,554,160
2067,328,178
2068,1740,147
2069,510,147
2070,1740,91
2071,1740,121
2072,1800,121
2073,1861,178
2074,328,195
2075,803,160
2076,554,195
2077,289,121
2078,1740,160
2079,535,136
2080,289,91
2081,1740,91
2082,1324,178
2083,803,91
2084,929,178
2085,799,1
2086,774,160
2087,15,197
2088,1800,121
2089,774,136
2090,15,147
2091,561,121
2092,1861,160
2093,1324,147
2094,15,1
2095,799,91
2096,289,147
2097,803,147
2098,1800,169
2099,561,136
2100,929,195
2101,15,160
2102,1823,178
2103,561,197
2104,554,169
2105,1740,136
2106,535,197
2107,1324,121
2108,1800,195
2109,803,195
2110,1800,169
2111,1324,91
2112,1861,147
2113,15,160
2114,554,136
2115,774,178
2116,1800,178
2117,561,169
2118,803,197
2119,1800,121
2120,803,136
2121,15,178
2122,535,195
2123,774,121
2124,510,178
2125,799,195
2126,1303,91
2127,774,1
2128,1324,1
2129,929,160
2130,1303,1
2131,554,160
2132,1324,136
2133,510,136
2134,328,136
2135,799,195
2136,1740,178
2137,1324,178
2138,1800,197
2139,1324,147
2140,15,121
2141,799,1
2142,15,197
2143,289,121
2144,1324,197
2145,929,136
2146,803,147
2147,535,160
2148,1823,169
2149,510,160
2150,328,195
2151,929,147
2152,1861,91
2153,1861,195
2154,1324,121
2155,1823,178
2156,774,136
2157,1823,147
2158,15,147
2159,1823,136
2160,554,195
2161,803,160
2162,561,136
2163,535,136
2164,1740,178
2165,510,147
2166,803,169
2167,1861,195
2168,799,136
2169,1740,121
2170,1740,169
2171,328,121
2172,561,178
2173,799,121
2174,1324,160
2175,1324,147
2176,554,197
2177,1324,121
2178,561,160
2179,1800,160
2180,929,160
2181,1800,195
2182,1861,160
2183,929,1
2184,15,169
2185,328,197
2186,1800,169
2187,799,195
2188,1303,1
2189,328,1
2190,1740,136
2191,799,160
2192,774,91
2193,803,147
2194,1740,121
2195,1823,160
2196,15,169
2197,1861,121
2198,1823,91
2199,1861,160
2200,1324,147
2201,289,121
2202,561,147
2203,1740,136
2204,554,136
2205,510,195
2206,799,160
2207,328,91
2208,1800,195
2209,799,197
2210,510,136
2211,535,121
2212,1740,160
2213,774,197
2214,1740,169
2215,929,147
2216,289,1
2217,1800,169
2218,1740,160
2219,561,121
2220,799,169
2221,803,136
2222,774,195
2223,554,169
2224,1303,91
2225,554,160
2226,803,147
2227,1740,195
2228,929,91
2229,535,1
2230,510,1
2231,289,136
2232,929,178
2233,510,195
2234,535,197
2235,799,197
2236,1303,121
2237,554,147
2238,799,136
2239,803,121
2240,1324,91
2241,803,147
2242,15,91
2243,1800,136
2244,803,136
2245,803,1
2246,289,121
2247,561,169
2248,929,121
2249,1800,91
2250,1303,169
2251,289,178
2252,15,1
2253,510,197
2254,510,136
2255,15,136
2256,561,121
2257,1823,160
2258,1800,178
2259,1303,91
2260,535,91
2261,1861,1
2262,554,136
2263,535,160
2264,799,147
2265,1740,160
2266,535,178
2267,929,195
2268,1324,147
2269,15,136
2270,929,169
2271,1303,178
2272,289,178
2273,1823,91
2274,1861,91
2275,774,169
2276,510,136
2277,554,195
2278,289,169
2279,510,91
2280,510,169
2281,1740,178
2282,15,197
2283,535,169
2284,929,160
2285,535,195
2286,1740,197
2287,1324,169
2288,328,121
2289,1800,197
2290,1303,160
2291,535,1
2292,15,169
2293,1303,195
2294,774,91
2295,289,121
2296,561,147
2297,535,169
2298,1823,197
2299,1303,1
2300,1740,147
2301,799,1
2302,1303,91
2303,1324,121
2304,554,91
2305,929,121
2306,1861,121
2307,1861,136
2308,535,91
2309,328,147
2310,1740,147
2311,289,169
2312,929,197
2313,799,147
2314,328,1
2315,1823,160
2316,1303,121
2317,1324,147
2318,1800,91
2319,774,197
2320,510,136
2321,561,178
2322,289,91
2323,929,195
2324,929,136
2325,929,147
2326,561,1
2327,328,136
2328,535,160
2329,15,197
2330,1324,1
2331,15,197
2332,15,178
2333,1303,91
2334,535,121
2335,1800,197
2336,15,197
2337,774,1
2338,774,91
2339,1740,178
2340,328,195
2341,1800,147
2342,1324,121
2343,1800,197
2344,1324,169
2345,510,1
2346,561,178
2347,561,147
2348,535,147
2349,1861,178
2350,929,147
2351,15,91
2352,799,147
2353,929,169
2354,1324,121
2355,1861,178
2356,15,136
2357,328,178
2358,1740,169
2359,554,121
2360,535,160
2361,1740,195
2362,929,121
2363,510,197
2364,554,195
2365,328,195
2366,554,160
2367,1861,147
2368,1800,147
2369,1800,91
2370,561,195
2371,1823,197
2372,803,178
2373,929,147
2374,929,197
2375,1740,1
2376,774,121
2377,1324,91
2378,803,91
2379,799,178
2380,803,1
2381,799,136
2382,799,147
2383,799,147
2384,1740,197
2385,774,1
2386,1740,197
2387,289,197
2388,803,197
2389,561,136
2390,561,121
2391,1324,197
2392,1861,147
2393,1800,178
2394,1861,1
2395,535,136
2396,799,1
2397,799,169
2398,289,195
2399,535,136
2400,803,91
2401,1800,147
2402,929,136
2403,328,169
2404,561,195
2405,289,147
2406,561,91
2407,1861,160
2408,1823,178
2409,328,169
2410,929,121
2411,510,169
2412,799,147
2413,1303,121
2414,15,1
2415,289,1
2416,561,178
2417,328,195
2418,1823,169
2419,1800,91
2420,554,197
2421,1324,91
2422,1861,160
2423,1324,195
2424,803,1
2425,328,197
2426,1861,197
2427,799,1
2428,1740,195
2429,510,160
2430,328,160
2431,328,169
2432,774,178
2433,799,178
2434,1324,178
2435,1324,1
2436,929,136
2437,929,91
2438,1800,121
2439,1324,91
2440,1823,169
2441,554,178
2442,1324,178
2443,561,136
2444,1823,197
2445,1324,195
2446,803,91
2447,1324,147
2448,774,195
2449,803,178
2450,929,178
2451,1823,91
2452,1303,169
2453,803,197
2454,803,136
2455,929,178
2456,1800,195
2457,774,1
2458,803,160
2459,803,195
2460,289,147
2461,929,121
2462,1740,178
2463,1324,147
2464,1740,195
2465,803,195
2466,289,197
2467,1823,169
2468,289,147
2469,1861,1
2470,1303,121
2471,561,160
2472,15,121
2473,1861,160
2474,554,197
2475,15,195
2476,535,195
2477,774,136
2478,1324,147
2479,561,169
2480,15,121
2481,1324,1
2482,774,195
2483,554,136
2484,554,147
2485,328,147
2486,929,160
2487,535,169
2488,1823,178
2489,929,160
2490,561,197
2491,1823,195
2492,774,121
2493,561,178
2494,289,147
2495,554,147
2496,561,169
2497,510,160
2498,561,169
2499,328,147
2500,1823,195
2501,803,195
2502,554,197
2503,510,136
2504,561,1
2505,1303,178
2506,289,91
2507,774,178
2508,15,197
2509,554,136
2510,510,91
2511,1324,178
2512,774,1
2513,1740,136
2514,561,160
2515,510,91
2516,1823,195
2517,1800,147
2518,1324,195
2519,554,197
2520,799,160
2521,803,1
2522,1861,160
2523,1800,197
2524,1800,136
2525,1861,160
2526,289,178
2527,1324,136
2528,803,1
2529,15,178
2530,1861,169
2531,1800,121
2532,561,121
2533,1823,169
2534,561,121
2535,1823,178
2536,774,160
2537,929,91
2538,535,136
2539,15,197
2540,1861,178
2541,1800,136
2542,1303,195
2543,561,147
2544,328,147
2545,15,91
2546,1740,147
2547,15,1
2548,803,121
2549,510,195
2550,15,136
2551,803,121
2552,535,169
2553,554,91
2554,1800,160
2555,1324,136
2556,1303,160
2557,15,121
2558,510,197
2559,929,169
2560,328,147
2561,561,197
2562,1823,195
2563,1324,195
2564,929,169
2565,1800,169
2566,799,91
2567,1823,195
2568,1324,1
2569,799,147
2570,289,121
2571,535,1
2572,1800,91
2573,1303,160
2574,1324,169
2575,799,136
2576,554,197
2577,803,195
2578,929,195
2579,328,169
2580,554,121
2581,803,121
2582,1303,169
2583,1740,178
2584,1303,195
2585,774,160
2586,1861,169
2587,535,178
2588,554,178
2589,561,195
2590,1800,195
2591,328,1
2592,535,1
2593,929,160
2594,803,178
2595,535,169
2596,1303,147
2597,803,195
2598,328,136
2599,799,147
2600,554,121
2601,535,91
2602,554,121
2603,1303,197
2604,289,147
2605,289,136
2606,328,169
2607,1324,121
2608,774,178
2609,1324,197
2610,1823,169
2611,1303,195
2612,561,136
2613,15,136
2614,1861,197
2615,929,121
2616,554,91
2617,561,160
2618,554,121
2619,535,178
2620,554,195
2621,799,169
2622,803,169
2623,289,197
2624,289,91
2625,510,121
2626,799,147
2627,561,1
2628,1823,169
2629,803,91
2630,561,178
2631,774,91
2632,15,160
2633,803,178
2634,1861,147
2635,535,197
2636,561,136
2637,15,121
2638,554,178
2639,289,136
2640,535,195
2641,1740,136
2642,289,195
2643,535,160
2644,510,160
2645,1861,91
2646,799,136
2647,561,169
2648,328,160
2649,1861,91
2650,803,147
2651,1303,1
2652,15,1
2653,799,136
2654,1740,136
2655,1823,147
2656,929,169
2657,1823,147
2658,929,91
2659,15,178
2660,1303,136
2661,799,147
2662,561,169
2663,15,136
2664,510,178
2665,15,197
2666,1303,136
2667,554,121
2668,799,91
2669,535,147
2670,1303,136
2671,554,136
2672,328,91
2673,1303,160
2674,15,195
2675,1800,147
2676,328,121
2677,1800,121
2678,1303,197
2679,15,136
2680,289,169
2681,803,169
2682,1740,121
2683,774,160
2684,289,197
2685,929,178
2686,535,91
2687,561,169
2688,289,121
2689,1740,147
2690,328,195
2691,799,147
2692,1303,197
2693,1740,169
2694,803,160
2695,774,1
2696,15,1
2697,803,1
2698,799,169
2699,799,91
2700,328,147
2701,561,195
2702,1800,160
2703,535,121
2704,328,91
2705,1740,91
2706,535,91
2707,774,197
2708,1324,136
2709,554,91
2710,1800,136
2711,774,147
2712,535,169
2713,929,160
2714,510,147
2715,1303,160
2716,554,169
2717,1324,1
2718,289,136
2719,774,160
2720,1800,195
2721,535,195
2722,774,147
2723,328,160
2724,799,121
2725,328,147
2726,535,169
2727,1324,169
2728,15,160
2729,554,178
2730,1823,136
2731,1800,169
2732,774,91
2733,1303,178
2734,803,121
2735,289,160
2736,1861,91
2737,510,1
2738,15,121
2739,15,147
2740,554,121
2741,328,197
2742,1861,197
2743,1303,147
2744,15,121
2745,289,1
2746,1823,160
2747,510,147
2748,1324,91
2749,15,160
2750,554,136
2751,535,197
2752,554,147
2753,1861,136
2754,289,121
2755,1861,1
2756,554,169
2757,1823,169
2758,1800,160
2759,1303,147
2760,1800,91
2761,1861,121
2762,15,136
2763,15,121
2764,1303,121
2765,554,197
2766,535,197
2767,1861,91
2768,1800,197
2769,1800,1
2770,1324,91
2771,774,169
2772,15,178
2773,774,1
2774,1823,147
2775,289,1
2776,289,197
2777,15,160
2778,289,91
2779,1823,195
2780,1324,121
2781,799,178
2782,510,195
2783,803,160
2784,929,121
2785,929,121
2786,1800,1
2787,774,147
2788,774,147
2789,1324,160
2790,1823,197
2791,1800,197
2792,1800,147
2793,929,195
2794,929,1
2795,1740,147
2796,1823,195
2797,328,121
2798,1823,1
2799,15,195
2800,15,160
2801,1861,160
2802,803,1
2803,1303,178
2804,328,91
2805,1303,195
2806,535,147
2807,15,136
2808,554,197
2809,799,197
2810,1823,121
2811,803,91
2812,774,195
2813,1861,136
2814,510,178
2815,929,1
2816,561,91
2817,554,121
2818,15,178
2819,1861,197
2820,289,178
2821,1823,197
2822,535,1
2823,328,178
2824,1324,178
2825,774,1
2826,929,91
2827,803,195
2828,799,195
2829,561,121
2830,774,169
2831,1740,1
2832,289,147
2833,1823,160
2834,535,121
2835,1800,178
2836,15,147
2837,15,160
2838,803,197
2839,803,169
2840,803,147
2841,803,197
2842,1800,1
2843,1800,136
2844,1800,169
2845,929,91
2846,1823,91
2847,554,160
2848,774,178
2849,799,169
2850,535,178
2851,1861,91
2852,1823,178
2853,1303,178
2854,1740,197
2855,561,197
2856,1303,195
2857,15,136
2858,774,91
2859,1740,136
2860,1324,195
2861,1823,121
2862,799,91
2863,1861,178
2864,510,169
2865,1800,1
2866,1861,160
2867,561,136
2868,929,147
2869,510,91
2870,929,121
2871,929,160
2872,535,147
2873,1740,121
2874,1800,91
2875,1303,178
2876,1303,121
2877,1800,197
2878,561,91
2879,1303,121
2880,535,195
2881,561,178
2882,803,1
2883,510,160
2884,554,178
2885,15,169
2886,1303,160
2887,289,178
2888,535,178
2889,15,147
2890,774,195
2891,289,136
2892,1800,195
2893,328,169
2894,929,169
2895,1740,195
2896,799,1
2897,535,169
2898,561,121
2899,1740,147
2900,554,1
2901,289,121
2902,1740,121
2903,561,195
2904,554,195
2905,289,178
2906,561,197
2907,1800,1
2908,1740,121
2909,328,178
2910,774,147
2911,510,169
2912,328,160
2913,328,136
2914,929,136
2915,15,136
2916,1823,178
2917,289,169
2918,15,160
2919,1823,91
2920,803,169
2921,535,121
2922,929,160
2923,328,160
2924,929,147
2925,289,91
2926,1324,121
2927,929,147
2928,1800,195
2929,535,136
2930,554,136
2931,328,121
2932,15,197
2933,1740,136
2934,1740,195
2935,929,136
2936,803,91
2937,1823,169
2938,554,178
2939,1740,195
2940,1303,178
2941,561,147
2942,1324,1
2943,1823,121
2944,803,197
2945,1861,178
2946,554,160
2947,929,169
2948,328,1
2949,1800,197
2950,15,195
2951,328,178
2952,1324,136
2953,561,136
2954,1800,160
2955,510,147
2956,535,147
2957,799,121
2958,774,195
2959,1303,91
2960,510,1
2961,1800,147
2962,561,197
2963,328,121
2964,929,121
2965,510,178
2966,15,197
2967,929,147
2968,774,1
2969,1303,197
2970,1740,136
2971,1324,160
2972,1324,136
2973,328,197
2974,929,169
2975,510,121
2976,929,195
2977,1823,121
2978,554,178
2979,1800,147
2980,535,195
2981,929,91
2982,15,197
2983,799,91
2984,1324,136
2985,510,136
2986,561,197
2987,561,160
2988,1861,178
2989,1324,197
2990,510,91
2991,774,160
2992,328,169
2993,15,1
2994,328,160
2995,561,160
2996,328,147
2997,799,91
2998,15,147
2999,1324,147
3000,289,1
3001,561,136
3002,929,121
3003,328,197
3004,510,91
3005,1303,178
3006,1823,91
3007,1740,147
3008,1303,91
3009,1303,197
3010,1861,136
3011,289,178
3012,1823,147
3013,799,91
3014,803,147
3015,535,197
3016,774,197
3017,1303,121
3018,1861,136
3019,929,91
3020,799,178
3021,1823,169
3022,328,121
3023,803,121
3024,328,91
3025,510,178
3026,289,147
3027,1324,178
3028,803,91
3029,929,169
3030,561,178
3031,510,169
3032,535,136
3033,15,91
3034,1823,91
3035,1800,169
3036,554,136
3037,1823,91
3038,510,1
3039,803,169
3040,328,1
3041,289,195
3042,1861,136
3043,1823,169
3044,1861,91
3045,328,147
3046,289,147
3047,561,136
3048,561,197
3049,510,91
3050,803,197
3051,1740,1
3052,1800,91
3053,1800,91
3054,1303,160
3055,1823,160
3056,535,160
3057,328,91
3058,1740,195
3059,328,195
3060,15,169
3061,554,169
3062,1861,178
3063,15,121
3064,1861,178
3065,1740,195
3066,799,1
3067,561,197
3068,535,91
3069,328,195
3070,1823,147
3071,1740,160
3072,803,91
3073,799,147
3074,535,178
3075,289,197
3076,1823,121
3077,1800,147
3078,803,121
3079,1800,1
3080,289,136
3081,803,1
3082,289,1
3083,1740,195
3084,510,1
3085,510,121
3086,774,169
3087,929,195
3088,328,178
3089,1303,195
3090,554,178
3091,328,197
3092,289,169
3093,1303,136
3094,774,169
3095,799,195
3096,554,169
3097,554,197
3098,1324,136
3099,554,178
3100,1303,195
3101,1800,136
3102,774,160
3103,1324,121
3104,510,147
3105,289,195
3106,15,147
3107,803,178
3108,1324,1
3109,15,91
3110,535,178
3111,1324,197
3112,1823,160
3113,1800,1
3114,535,91
3115,1303,160
3116,799,1
3117,1800,178
3118,535,147
3119,803,1
3120,561,136
3121,554,160
3122,1740,1
3123,554,136
3124,510,1
3125,328,160
3126,1303,160
3127,1303,197
3128,328,169
3129,1800,178
3130,1800,160
3131,774,169
3132,1823,169
3133,554,178
3134,1800,1
3135,1324,91
3136,561,160
3137,561,121
3138,1861,91
3139,774,169
3140,799,136
3141,1823,160
3142,1303,121
3143,535,197
3144,15,121
3145,1800,169
3146,774,195
3147,561,169
3148,774,169
3149,1324,195
3150,803,121
3151,554,169
3152,15,169
3153,1861,178
3154,929,91
3155,929,121
3156,510,160
3157,1740,1
3158,535,160
3159,561,178
3160,1303,121
3161,1740,147
3162,803,195
3163,510,197
3164,561,178
3165,561,91
3166,510,136
3167,1861,1
3168,1740,169
3169,1823,121
3170,289,147
3171,1740,169
3172,803,121
3173,15,91
3174,289,197
3175,1800,160
3176,510,121
3177,561,195
3178,15,147
3179,1324,160
3180,510,178
3181,328,147
3182,15,136
3183,799,169
3184,328,169
3185,1740,178
3186,1800,169
3187,510,160
3188,1740,197
3189,1303,121
3190,1740,136
3191,1861,195
3192,289,197
3193,289,121
3194,510,195
3195,799,147
3196,774,178
3197,289,178
3198,554,91
3199,289,136
3200,535,178
3201,535,160
3202,1740,147
3203,1324,195
3204,1324,197
3205,1861,147
3206,803,91
3207,328,1
3208,1324,195
3209,535,178
3210,15,160
3211,1861,178
3212,774,197
3213,803,121
3214,1740,197
3215,1823,160
3216,1303,195
3217,774,121
3218,535,121
3219,1324,1
3220,1740,160
3221,1324,121
3222,15,147
3223,1740,169
3224,554,197
3225,1861,91
3226,561,91
3227,510,121
3228,510,1
3229,929,121
3230,1324,1
3231,774,178
3232,1861,91
3233,510,121
3234,1324,178
3235,929,1
3236,774,195
3237,289,91
3238,799,1
3239,328,195
3240,1303,1
3241,1861,1
3242,1823,136
3243,799,91
3244,1303,147
3245,328,121
3246,1303,1
3247,1800,169
3248,1823,195
3249,1861,197
3250,1303,136
3251,1324,178
3252,328,160
3253,929,169
3254,1800,136
3255,15,195
3256,328,121
3257,1861,195
3258,774,1
3259,1303,197
3260,328,178
3261,1303,195
3262,1324,178
3263,803,136
3264,1740,121
3265,1861,121
3266,1823,197
3267,1823,195
3268,774,197
3269,774,91
3270,803,147
3271,561,195
3272,1740,195
3273,799,1
3274,774,147
3275,1324,195
3276,535,121
3277,799,147
3278,799,195
3279,799,197
3280,1740,195
3281,774,121
3282,774,136
3283,1303,1
3284,803,1
3285,1324,195
3286,289,91
3287,929,178
3288,289,136
3289,328,136
3290,1303,1
3291,554,178
3292,1823,91
3293,289,178
3294,774,136
3295,1800,160
3296,1861,195
3297,1740,178
3298,1324,169
3299,1740,1
3300,554,136
3301,289,147
3302,554,136
3303,328,178
3304,1861,136
3305,774,195
3306,1861,160
3307,561,121
3308,1303,136
3309,535,136
3310,535,121
3311,1800,147
3312,554,169
3313,803,1
3314,510,160
3315,15,195
3316,1740,195
3317,799,178
3318,289,91
3319,799,197
3320,929,121
3321,1303,147
3322,774,1
3323,803,121
3324,554,136
3325,774,169
3326,289,178
3327,774,121
3328,15,1
3329,774,121
3330,510,169
3331,774,169
3332,289,195
3333,1823,195
3334,1861,121
3335,15,121
3336,328,1
3337,554,169
3338,328,195
3339,1324,121
3340,535,160
3341,803,136
3342,1740,197
3343,561,169
3344,15,91
3345,929,91
3346,1861,195
3347,554,195
3348,1861,91
3349,554,169
3350,803,91
3351,1303,147
3352,510,91
3353,15,136
3354,554,197
3355,1800,178
3356,289,121
3357,1823,136
3358,803,1
3359,328,195
3360,803,121
3361,535,169
3362,803,169
3363,799,91
3364,803,160
3365,929,91
3366,1303,136
3367,803,195
3368,1303,178
3369,15,160
3370,15,147
3371,803,121
3372,1861,136
3373,1823,169
3374,535,136
3375,15,1
3376,1800,1
3377,929,147
3378,1800,169
3379,1324,1
3380,1324,197
3381,561,169
3382,1324,169
3383,1740,91
3384,289,91
3385,1823,197
3386,1861,1
3387,803,121
3388,774,160
3389,1740,195
3390,929,169
3391,1861,195
3392,1823,197
3393,803,91
3394,1823,121
3395,1324,197
3396,1303,91
3397,929,178
3398,510,197
3399,289,169
3400,561,136
3401,1324,1
3402,1303,136
3403,1303,197
3404,1800,1
3405,15,1
3406,774,136
3407,774,1
3408,1861,121
3409,1800,136
3410,803,147
3411,1861,160
3412,510,136
3413,289,195
3414,929,91
3415,561,195
3416,1823,121
3417,929,1
3418,535,169
3419,1303,169
3420,1324,197
3421,1823,160
3422,289,1
3423,799,1
3424,535,178
3425,15,136
3426,289,178
3427,535,160
3428,535,160
3429,774,197
3430,929,91
3431,799,121
3432,328,178
3433,328,136
3434,799,136
3435,535,195
3436,535,121
3437,289,1
3438,561,197
3439,929,91
3440,535,121
3441,328,195
3442,1800,178
3443,535,195
3444,510,195
3445,1303,160
3446,1324,121
3447,774,169
3448,535,136
3449,328,195
3450,289,91
3451,803,121
3452,799,147
3453,803,147
3454,328,1
3455,1303,195
3456,554,195
3457,554,147
3458,1823,136
3459,1303,121
3460,561,1
3461,1740,197
3462,289,195
3463,1324,197
3464,510,121
3465,1800,1
3466,799,169
3467,15,1
3468,1823,178
3469,929,147
3470,774,197
3471,1740,1
3472,774,169
3473,1861,160
3474,803,136
3475,535,197
3476,1303,1
3477,561,169
3478,803,91
3479,803,178
3480,289,147
3481,803,1
3482,1823,178
3483,1861,169
3484,774,1
3485,803,195
3486,1800,1
3487,535,136
3488,799,169
3489,803,1
3490,1303,197
3491,510,147
3492,289,178
3493,554,178
3494,1800,178
3495,1823,169
3496,1861,121
3497,799,160
3498,929,136
3499,799,1
3500,535,91
3501,1800,178
3502,554,195
3503,535,91
3504,289,136
3505,774,136
3506,774,1
3507,799,147
3508,554,160
3509,289,1
3510,803,136
3511,1740,147
3512,535,197
3513,554,160
3514,554,147
3515,1324,91
3516,1800,136
3517,803,160
3518,1303,136
3519,1800,197
3520,510,147
3521,510,147
3522,774,169
3523,1324,169
3524,1861,147
3525,328,121
3526,328,121
3527,1823,91
3528,1800,1
3529,1800,1
3530,510,91
3531,1861,169
3532,15,178
3533,561,169
3534,1800,1
3535,799,1
3536,328,91
3537,1740,147
3538,1303,160
3539,803,147
3540,1800,1
3541,803,195
3542,929,1
3543,289,197
3544,1823,136
3545,803,147
3546,289,136
3547,328,197
3548,774,197
3549,929,147
3550,510,197
3551,1740,136
3552,554,197
3553,929,160
3554,803,160
3555,1823,160
3556,1740,121
3557,803,169
3558,1303,160
3559,1823,147
3560,1303,160
3561,15,160
3562,1823,91
3563,799,121
3564,1303,160
3565,803,169
3566,561,178
3567,561,91
3568,1303,147
3569,15,136
3570,1740,1
3571,774,195
3572,328,195
3573,1303,121
3574,561,160
3575,328,136
3576,1800,1
3577,15,197
3578,1861,91
3579,561,195
3580,929,136
3581,1740,91
3582,929,178
3583,929,121
3584,1800,178
3585,328,147
3586,510,91
3587,554,1
3588,774,136
3589,1823,169
3590,1740,195
3591,15,169
3592,1303,136
3593,561,197
3594,510,147
3595,803,178
3596,774,195
3597,289,147
3598,803,121
3599,1861,195
3600,554,169
3601,1740,121
3602,1324,169
3603,799,195
3604,774,121
3605,554,1
3606,1324,169
3607,535,169
3608,1823,136
3609,803,91
3610,535,160
3611,510,178
3612,1324,169
3613,561,121
3614,1324,178
3615,1303,91
3616,510,160
3617,799,169
3618,15,121
3619,929,169
3620,510,195
3621,1303,136
3622,510,136
3623,1740,195
3624,1740,121
3625,1861,195
3626,1800,91
3627,1324,91
3628,328,121
3629,929,1
3630,1823,195
3631,1800,169
3632,799,121
3633,289,136
3634,1303,147
3635,289,169
3636,554,147
3637,929,178
3638,799,169
3639,1740,169
3640,554,121
3641,1823,169
3642,510,178
3643,1303,91
3644,1823,169
3645,535,147
3646,803,136
3647,328,91
3648,1823,197
3649,561,195
3650,803,195
3651,554,178
3652,1800,121
3653,554,195
3654,1303,91
3655,15,169
3656,289,91
3657,803,1
3658,803,91
3659,289,1
3660,328,1
3661,1303,169
3662,929,160
3663,803,197
3664,328,197
3665,535,91
3666,799,178
3667,774,1
3668,510,136
3669,1303,178
3670,510,160
3671,1823,178
3672,554,169
3673,929,169
3674,289,195
3675,1800,121
3676,535,91
3677,1740,195
3678,15,195
3679,799,160
3680,1324,1
3681,510,147
3682,510,91
3683,554,1
3684,799,1
3685,1324,169
3686,554,178
3687,1823,91
3688,510,160
3689,803,195
3690,328,178
3691,799,121
3692,535,178
3693,929,136
3694,803,160
3695,15,121
3696,15,1
3697,535,178
3698,929,147
3699,561,121
3700,929,169
3701,1823,195
3702,1740,121
3703,1823,178
3704,535,169
3705,15,91
3706,1823,136
3707,774,1
3708,554,1
3709,1800,136
3710,799,91
3711,1740,169
3712,554,197
3713,328,169
3714,803,1
3715,328,169
3716,535,160
3717,929,1
3718,1861,136
3719,1324,91
3720,510,195
3721,1800,1
3722,1303,91
3723,1823,197
3724,289,91
3725,803,178
3726,554,195
3727,289,136
3728,1823,91
3729,328,1
3730,774,136
3731,510,91
3732,535,169
3733,289,169
3734,799,178
3735,554,1
3736,803,178
3737,535,1
3738,15,147
3739,510,147
3740,799,195
3741,289,121
3742,1303,197
3743,1303,160
3744,1303,160
3745,774,195
3746,803,91
3747,1324,136
3748,1823,121
3749,799,91
3750,1823,147
3751,554,91
3752,328,169
3753,799,160
3754,15,178
3755,929,136
3756,1823,91
3757,1324,147
3758,15,178
3759,1800,160
3760,1740,121
3761,1740,178
3762,15,195
3763,1324,121
3764,1324,197
3765,510,1
3766,774,147
3767,1324,136
3768,561,169
3769,15,91
3770,289,91
3771,561,195
3772,15,1
3773,1861,147
3774,328,195
3775,1861,136
3776,535,121
3777,554,1
3778,554,147
3779,561,169
3780,1303,136
3781,289,121
3782,554,197
3783,328,197
3784,1303,197
3785,561,121
3786,1324,169
3787,561,121
3788,1800,136
3789,1861,91
3790,1303,147
3791,1861,1
3792,1303,121
3793,510,178
3794,803,1
3795,15,169
3796,554,197
3797,535,178
3798,1324,91
3799,15,169
3800,1861,147
3801,328,91
3802,803,91
3803,799,147
3804,929,178
3805,799,160
3806,1324,121
3807,929,178
3808,535,91
3809,561,136
3810,535,136
3811,799,169
3812,15,178
3813,554,121
3814,1823,197
3815,799,1
3816,328,91
3817,1324,147
3818,1861,178
3819,1303,1
3820,535,121
3821,929,160
3822,510,195
3823,554,1
3824,774,91
3825,289,121
3826,1740,121
3827,554,91
3828,289,169
3829,1324,169
3830,1324,121
3831,1823,1
3832,535,178
3833,1823,147
3834,803,147
3835,1800,169
3836,1861,136
3837,1324,136
3838,1823,169
3839,799,136
3840,1740,197
3841,1303,169
3842,561,136
3843,803,147
3844,1861,147
3845,1740,169
3846,929,136
3847,1324,121
3848,15,178
3849,328,136
3850,1740,136
3851,1740,178
3852,1740,136
3853,328,195
3854,510,147
3855,554,121
3856,561,1
3857,561,197
3858,929,121
3859,561,160
3860,774,169
3861,554,91
3862,1740,121
3863,774,121
3864,1823,195
3865,1303,1
3866,328,160
3867,1324,178
3868,328,1
3869,799,91
3870,328,197
3871,774,147
3872,1303,178
3873,554,136
3874,1740,160
3875,803,195
3876,554,136
3877,803,160
3878,1324,197
3879,535,136
3880,1303,1
3881,1861,121
3882,561,195
3883,774,197
3884,535,147
3885,535,91
3886,1324,197
3887,535,1
3888,289,91
3889,1303,91
3890,1324,1
3891,1303,169
3892,1324,178
3893,929,147
3894,561,91
3895,1740,136
3896,15,91
3897,510,197
3898,1861,195
3899,774,91
3900,535,1
3901,328,121
3902,289,1
3903,1324,136
3904,1861,1
3905,1740,91
3906,1303,121
3907,1740,178
3908,1303,147
3909,929,178
3910,1303,195
3911,15,136
3912,561,178
3913,554,121
3914,1800,91
3915,803,169
3916,535,195
3917,561,136
3918,1740,195
3919,929,147
3920,799,91
3921,510,1
3922,929,169
3923,1823,121
3924,1303,169
3925,535,1
3926,535,136
3927,1740,91
3928,289,178
3929,561,147
3930,1324,121
3931,289,169
3932,929,121
3933,1740,195
3934,1861,121
3935,510,91
3936,1303,178
3937,774,178
3938,15,160
3939,15,147
3940,15,169
3941,799,91
3942,1303,121
3943,289,195
3944,1823,1
3945,1800,197
3946,1823,121
3947,1861,195
3948,510,178
3949,799,169
3950,1303,197
3951,561,1
3952,1303,178
3953,1324,178
3954,1303,1
3955,799,169
3956,535,160
3957,1861,147
3958,774,178
3959,15,147
3960,929,136
3961,554,121
3962,1823,195
3963,803,169
3964,289,121
3965,289,1
3966,803,121
3967,799,195
3968,1740,178
3969,289,195
3970,929,1
3971,929,178
3972,554,195
3973,929,195
3974,1823,178
3975,929,121
3976,929,91
3977,803,147
3978,510,136
3979,774,91
3980,289,169
3981,510,136
3982,803,91
3983,799,121
3984,1861,147
3985,1740,195
3986,561,136
3987,1740,178
3988,535,169
3989,328,160
3990,510,197
3991,535,1
3992,328,160
3993,1800,169
3994,554,136
3995,328,169
3996,1823,1
3997,328,147
3998,799,197
3999,1303,160
4000,510,195
4001,510,195
4002,289,147
4003,929,178
4004,15,160
4005,289,1
4006,554,169
4007,1800,160
4008,774,1
4009,1740,178
4010,535,160
4011,289,160
4012,535,195
4013,15,1
4014,774,1
4015,554,121
4016,1740,136
4017,328,1
4018,1324,147
4019,510,1
4020,554,121
4021,289,195
4022,289,160
4023,535,1
4024,15,91
4025,1823,1
4026,561,169
4027,1800,121
4028,774,147
4029,328,136
4030,799,136
4031,1324,147
4032,15,195
4033,1324,121
4034,1800,91
4035,510,91
4036,1303,1
4037,774,147
4038,289,178
4039,328,195
4040,1324,1
4041,1823,197
4042,1303,195
4043,510,197
4044,510,136
4045,535,147
4046,774,91
4047,1740,169
4048,929,195
4049,1861,178
4050,554,1
4051,1800,147
4052,774,178
4053,1800,136
4054,1740,160
4055,15,195
4056,774,197
4057,328,169
4058,1800,169
4059,1740,169
4060,561,169
4061,1823,178
4062,15,91
4063,328,136
4064,929,195
4065,1324,121
4066,799,178
4067,1800,147
4068,535,178
4069,15,169
4070,1303,195
4071,1303,195
4072,799,160
4073,1303,178
4074,1324,147
4075,774,121
4076,1800,160
4077,1823,169
4078,328,121
4079,535,160
4080,1800,160
4081,328,136
4082,799,169
4083,1861,121
4084,799,169
4085,1740,147
4086,1740,197
4087,803,197
4088,803,197
4089,1303,147
4090,1800,178
4091,929,197
4092,535,136
4093,1740,121
4094,1740,195
4095,328,91
4096,803,147
4097,1861,169
4098,328,147
4099,15,178
4100,1800,121
4101,1861,147
4102,1303,147
4103,535,178
4104,1324,197
4105,289,1
4106,1823,195
4107,510,147
4108,328,169
4109,799,147
4110,1861,1
4111,929,160
4112,1303,160
4113,289,121
4114,15,169
4115,774,147
4116,1823,178
4117,1861,195
4118,799,121
4119,799,169
4120,929,1
4121,15,160
4122,799,147
4123,535,178
4124,1861,1
4125,1740,147
4126,328,197
4127,799,160
4128,1740,169
4129,15,178
4130,799,1
4131,554,147
4132,1800,91
4133,803,178
4134,774,1
4135,1303,160
4136,803,91
4137,1800,160
4138,15,91
4139,328,136
4140,1740,195
4141,929,178
4142,535,147
4143,774,91
4144,554,1
4145,774,197
4146,535,136
4147,1861,91
4148,929,197
4149,799,160
4150,1740,178
4151,1740,1
4152,803,178
4153,554,136
4154,1861,136
4155,803,197
4156,554,147
4157,1823,160
4158,803,147
4159,15,178
4160,15,197
4161,799,1
4162,535,169
4163,289,197
4164,554,121
4165,1800,121
4166,1303,147
4167,535,197
4168,328,1
4169,1303,169
4170,1823,195
4171,929,195
4172,554,178
4173,1861,121
4174,1324,178
4175,15,178
4176,15,1
4177,1303,169
4178,1324,197
4179,803,121
4180,929,136
4181,799,121
4182,554,91
4183,15,169
4184,554,197
4185,1740,121
4186,1823,197
4187,929,160
4188,510,169
4189,561,1
4190,1324,121
4191,510,136
4192,774,195
4193,1800,169
4194,1303,147
4195,328,147
4196,535,91
4197,1800,169
4198,561,160
4199,1324,169
4200,561,121
4201,1324,91
4202,1861,91
4203,1823,121
4204,1324,147
4205,929,147
4206,15,91
4207,510,178
4208,15,197
4209,799,136
4210,1303,178
4211,1324,121
4212,1740,195
4213,1861,91
4214,1740,147
4215,803,178
4216,1324,160
4217,803,160
4218,1800,169
4219,1800,160
4220,1324,1
4221,1800,160
4222,289,136
4223,1861,136
4224,774,178
4225,510,1
4226,15,160
4227,1303,91
4228,929,160
4229,1861,121
4230,289,1
4231,929,147
4232,1324,1
4233,929,195
4234,328,147
4235,15,1
4236,1740,160
4237,1823,91
4238,1324,121
4239,561,1
4240,535,169
4241,1823,178
4242,554,91
4243,774,195
4244,1861,178
4245,510,1
4246,561,197
4247,1324,136
4248,1800,169
4249,535,169
4250,289,147
4251,510,197
4252,803,197
4253,1303,195
4254,554,197
4255,1740,121
4256,1800,91
4257,535,121
4258,799,160
4259,1800,195
4260,1740,91
4261,535,136
4262,15,136
4263,799,160
4264,554,178
4265,1324,91
4266,1823,195
4267,554,1
4268,1823,147
4269,1861,121
4270,1800,160
4271,1324,121
4272,799,160
4273,510,91
4274,803,91
4275,1823,178
4276,510,197
4277,15,169
4278,510,197
4279,1861,136
4280,803,178
4281,1303,195
4282,561,147
4283,15,169
4284,535,178
4285,561,195
4286,774,178
4287,1740,147
4288,328,160
4289,803,169
4290,799,160
4291,561,147
4292,799,197
4293,803,121
4294,510,121
4295,1324,91
4296,1861,197
4297,328,195
4298,1800,169
4299,1303,195
4300,1303,136
4301,774,1
4302,1303,197
4303,289,147
4304,803,160
4305,799,178
4306,1740,121
4307,1740,197
4308,799,195
4309,1823,195
4310,1823,1
4311,561,197
4312,799,160
4313,799,195
4314,774,197
4315,799,160
4316,1324,178
4317,1861,91
4318,561,195
4319,554,195
4320,803,169
4321,1823,178
4322,1740,197
4323,554,1
4324,799,136
4325,328,195
4326,1303,178
4327,774,136
4328,929,178
4329,328,178
4330,289,1
4331,15,195
4332,328,147
4333,803,147
4334,1823,195
4335,799,169
4336,15,169
4337,1324,91
4338,561,136
4339,1740,178
4340,799,195
4341,803,160
4342,929,136
4343,328,1
4344,510,195
4345,328,160
4346,15,147
4347,554,91
4348,803,1
4349,1800,178
4350,1800,121
4351,1823,1
4352,554,197
4353,15,197
4354,328,197
4355,1800,160
4356,1861,136
4357,1800,160
4358,554,147
4359,1861,169
4360,1324,136
4361,1861,147
4362,929,169
4363,1324,136
4364,561,169
4365,289,121
4366,535,136
4367,15,197
4368,1303,147
4369,1823,136
4370,328,195
4371,774,136
4372,774,195
4373,328,169
4374,15,136
4375,328,197
4376,1740,91
4377,1324,169
4378,289,160
4379,1823,147
4380,1740,178
4381,1823,178
4382,803,121
4383,561,91
4384,561,178
4385,15,160
4386,1740,169
4387,289,160
4388,1324,91
4389,1324,178
4390,328,160
4391,803,197
4392,1740,136
4393,1823,195
4394,15,147
4395,1740,136
4396,554,160
4397,535,91
4398,510,136
4399,929,160
4400,510,91
4401,929,1
4402,1740,195
4403,1861,91
4404,535,160
4405,561,160
4406,1324,136
4407,803,197
4408,1823,178
4409,15,169
4410,1800,197
4411,554,1
4412,1303,178
4413,15,160
4414,289,136
4415,929,91
4416,561,197
4417,15,147
4418,1303,178
4419,774,136
4420,1740,197
4421,1324,136
4422,1823,91
4423,289,91
4424,289,160
4425,1861,121
4426,1324,91
4427,1823,136
4428,535,147
4429,1324,1
4430,1861,136
4431,1800,169
4432,561,160
4433,328,169
4434,1823,1
4435,803,91
4436,15,91
4437,774,1
4438,561,169
4439,774,197
4440,554,195
4441,929,91
4442,15,195
4443,328,121
4444,535,160
4445,554,178
4446,328,160
4447,929,147
4448,774,169
4449,1861,160
4450,1823,91
4451,561,136
4452,1324,91
4453,15,1
4454,1861,1
4455,561,147
4456,774,136
4457,510,169
4458,328,169
4459,1861,136
4460,535,169
4461,554,197
4462,554,136
4463,535,195
4464,15,195
4465,554,178
4466,1800,197
4467,15,195
4468,535,147
4469,799,136
4470,554,136
4471,1823,147
4472,1800,91
4473,289,91
4474,1740,178
4475,510,121
4476,289,160
4477,328,160
4478,803,121
4479,1823,197
4480,929,121
4481,774,121
4482,15,160
4483,774,195
4484,1861,169
4485,289,197
4486,1303,160
4487,1823,91
4488,1740,1
4489,561,178
4490,774,195
4491,799,169
4492,15,178
4493,774,197
4494,554,169
4495,929,91
4496,1823,195
4497,535,1
4498,1823,169
4499,1324,147
4500,929,195
4501,803,1
4502,554,195
4503,803,147
4504,929,169
4505,554,160
4506,561,136
4507,1823,147
4508,328,147
4509,803,195
4510,929,1
4511,289,1
4512,328,147
4513,535,178
4514,774,160
4515,799,169
4516,1823,197
4517,799,197
4518,510,197
4519,15,195
4520,554,121
4521,289,136
4522,289,197
4523,803,121
4524,289,178
4525,1823,195
4526,1324,147
4527,1861,136
4528,1861,91
4529,289,147
4530,15,91
4531,561,195
4532,1823,197
4533,289,169
4534,535,136
4535,554,136
4536,1800,91
4537,535,169
4538,15,195
4539,535,169
4540,535,1
4541,328,136
4542,510,195
4543,328,91
4544,929,1
4545,774,121
4546,1861,195
4547,1740,147
4548,561,1
4549,1800,136
4550,799,169
4551,554,160
4552,328,147
4553,1324,195
4554,510,121
4555,328,197
4556,1740,91
4557,561,178
4558,15,147
4559,328,121
4560,1740,178
4561,289,121
4562,1823,160
4563,1303,91
4564,774,178
4565,799,197
4566,799,169
4567,1324,1
4568,289,136
4569,803,91
4570,1324,197
4571,328,160
4572,510,147
4573,929,1
4574,799,121
4575,1823,1
4576,289,178
4577,1861,91
4578,561,136
4579,799,1
4580,328,121
4581,1800,1
4582,510,136
4583,289,147
4584,1303,195
4585,799,178
4586,554,136
4587,328,121
4588,774,91
4589,510,91
4590,289,178
4591,799,136
4592,1303,147
4593,328,91
4594,799,121
4595,1303,195
4596,803,169
4597,15,195
4598,1324,178
4599,535,197
4600,929,197
4601,561,121
4602,774,147
4603,1861,197
4604,803,195
4605,774,136
4606,15,169
4607,799,195
4608,803,169
4609,929,195
4610,803,136
4611,929,121
4612,289,121
4613,774,197
4614,1324,1
4615,774,160
4616,929,1
4617,1823,160
4618,1324,1
4619,929,178
4620,1861,147
4621,1740,147
4622,1861,160
4623,561,195
4624,561,1
4625,289,178
4626,929,160
4627,1324,178
4628,1740,121
4629,774,160
4630,554,136
4631,554,91
4632,799,169
4633,774,91
4634,929,197
4635,535,1
4636,929,147
4637,1303,160
4638,774,197
4639,15,195
4640,929,169
4641,289,1
4642,289,91
4643,774,197
4644,929,91
4645,774,178
4646,328,147
4647,328,136
4648,1303,197
4649,1800,197
4650,289,169
4651,803,121
4652,774,121
4653,1324,195
4654,1800,178
4655,289,178
4656,1800,91
4657,510,178
4658,1740,197
4659,561,160
4660,535,178
4661,1303,91
4662,1823,1
4663,289,197
4664,1861,197
4665,1303,147
4666,1303,195
4667,328,147
4668,929,147
4669,1303,178
4670,1740,1
4671,929,136
4672,1800,136
4673,1800,1
4674,774,169
4675,1740,197
4676,1303,195
4677,1303,197
4678,1823,178
4679,1324,121
4680,328,147
4681,535,91
4682,1823,169
4683,1303,197
4684,929,178
4685,1823,169
4686,929,136
4687,1861,195
4688,1800,197
4689,803,160
4690,799,91
4691,289,178
4692,535,147
4693,1861,147
4694,328,147
4695,1823,1
4696,929,197
4697,561,91
4698,561,197
4699,510,195
4700,1861,1
4701,554,121
4702,774,1
4703,328,91
4704,510,169
4705,289,1
4706,929,121
4707,803,178
4708,1800,178
4709,1800,178
4710,1823,197
4711,554,197
4712,561,160
4713,1324,1
4714,1324,169
4715,1324,121
4716,929,197
4717,561,147
4718,1800,147
4719,1823,178
4720,1861,121
4721,328,1
4722,328,160
4723,1823,121
4724,803,178
4725,289,178
4726,803,1
4727,328,136
4728,510,136
4729,554,197
4730,328,1
4731,328,91
4732,929,136
4733,554,178
4734,554,178
4735,554,1
4736,799,178
4737,929,169
4738,774,169
4739,1303,169
4740,803,169
4741,15,178
4742,554,195
4743,1740,197
4744,1324,195
4745,1740,121
4746,929,197
4747,1823,1
4748,1740,1
4749,929,136
4750,1740,160
4751,1303,91
4752,289,197
4753,1324,169
4754,561,121
4755,510,1
4756,1303,197
4757,510,197
4758,289,1
4759,1740,1
4760,535,195
4761,774,147
4762,799,178
4763,1740,1
4764,554,136
4765,15,160
4766,1303,1
4767,1823,160
4768,328,1
4769,803,121
4770,1740,169
4771,289,121
4772,1800,91
4773,328,160
4774,1303,1
4775,561,160
4776,510,197
4777,1324,1
4778,799,195
4779,1861,178
4780,803,195
4781,774,195
4782,15,160
4783,799,160
4784,328,169
4785,1740,178
4786,1324,1
4787,774,195
4788,554,136
4789,803,136
4790,554,197
4791,289,147
4792,1740,91
4793,774,1
4794,1740,178
4795,289,197
4796,535,169
4797,554,121
4798,554,1
4799,535,121
4800,1303,169
4801,510,121
4802,561,147
4803,510,121
4804,929,160
4805,774,136
4806,1324,160
4807,803,178
4808,554,169
4809,289,1
4810,929,195
4811,929,136
4812,510,136
4813,774,169
4814,774,160
4815,774,169
4816,15,136
4817,554,91
4818,774,91
4819,554,147
4820,289,169
4821,1324,147
4822,289,121
4823,535,197
4824,1861,136
4825,15,136
4826,289,195
4827,803,197
4828,1740,195
4829,1861,121
4830,1861,136
4831,799,160
4832,328,169
4833,289,160
4834,1740,121
4835,15,1
4836,1740,147
4837,1303,1
4838,1800,1
4839,510,91
4840,15,1
4841,554,178
4842,1740,195
4843,803,178
4844,554,160
4845,1303,121
4846,535,169
4847,1861,91
4848,289,1
4849,774,136
4850,929,121
4851,929,197
4852,799,1
4853,328,195
4854,1861,121
4855,328,147
4856,929,197
4857,328,91
4858,774,195
4859,774,121
4860,774,195
4861,1800,169
4862,328,91
4863,929,121
4864,1823,136
4865,929,91
4866,15,91
4867,561,136
4868,929,136
4869,1324,147
4870,1823,169
4871,1861,121
4872,1861,195
4873,1823,147
4874,510,121
4875,554,136
4876,510,136
4877,289,197
4878,799,1
4879,1303,195
4880,535,91
4881,554,178
4882,774,160
4883,1740,197
4884,774,136
4885,1740,169
4886,799,169
4887,561,1
4888,799,147
4889,1823,136
4890,554,195
4891,289,169
4892,799,195
4893,1861,136
4894,289,136
4895,929,160
4896,15,197
4897,803,91
4898,289,1
4899,289,91
4900,1823,147
4901,289,147
4902,929,178
4903,15,178
4904,554,197
4905,554,1
4906,289,121
4907,289,147
4908,561,147
4909,1823,169
4910,1823,160
4911,561,197
4912,1800,147
4913,929,160
4914,929,91
4915,510,178
4916,1823,1
4917,554,1
4918,1324,197
4919,510,147
4920,799,160
4921,799,169
4922,561,121
4923,510,136
4924,774,195
4925,328,136
4926,510,136
4927,799,160
4928,929,1
4929,510,136
4930,1800,178
4931,1740,147
4932,1740,197
4933,1823,91
4934,289,1
4935,328,195
4936,535,91
4937,929,195
4938,554,121
4939,803,169
4940,774,121
4941,554,136
4942,510,1
4943,15,178
4944,929,169
4945,535,136
4946,1861,197
4947,1861,136
4948,803,197
4949,799,195
4950,561,147
4951,1324,195
4952,1324,147
4953,803,147
4954,554,197
4955,803,136
4956,803,1
4957,561,121
4958,15,169
4959,289,197
4960,1303,178
4961,929,121
4962,803,91
4963,1740,178
4964,1303,195
4965,774,197
4966,803,178
4967,1800,91
4968,929,147
4969,15,197
4970,1861,1
4971,1303,195
4972,561,197
4973,929,1
4974,289,1
4975,774,169
4976,535,195
4977,799,197
4978,554,160
4979,929,147
4980,1324,178
4981,1303,121
4982,1740,197
4983,1740,195
4984,535,197
4985,929,195
4986,1861,160
4987,1823,1
4988,289,197
4989,535,121
4990,1740,147
4991,929,197
4992,1324,136
4993,774,121
4994,929,147
4995,15,178
4996,1861,136
4997,929,121
4998,554,1
4999,554,197
